{
  "preprocess": {
    "mode": "bilateral",
    "radius": 2,
    "sigma_space": 2.0,
    "sigma_color": 25.0
  },
  "canvas": {
    "target_width_mm": 60.0,
    "target_height_mm": 60.0
  },
  "segment": {
    "method": "slic",
    "n_segments": 100,
    "compactness": 10.0,
    "max_iter": 5
  },
  "merge": {
    "min_area": 20
  },
  "palette": {
    "colors": [
      [
        0,
        0,
        0
      ],
      [
        255,
        255,
        255
      ]
    ]
  },
  "height_map": {
    "mode": "optical_hueforge"
  },
  "optical": {
    "stack_filament_ids": [
      "base",
      "black"
    ],
    "stack_thresholds_mm": [
      0.36,
      0.72
    ],
    "metric": "rgb",
    "color_space": "linear_srgb",
    "step_mm": 0.02
  },
  "mesh": {},
  "print": {
    "border_mm": 0.0,
    "base_height_mm": 0.0,
    "base_layer_mm": 0.0,
    "color_layer_mm": 0.08,
    "blend_depth": 1.0,
    "max_thickness_mm": 0.72,
    "filament_catalog": "filaments/default_catalog.json",
    "base_filament_id": "base",
    "sequence_mode": "auto_palette",
    "layer_sequence_ids": []
  }
}