{
  "layers": [
    {
      "layer_index": 0,
      "z_mm": 0.0,
      "filament_id": "base"
    },
    {
      "layer_index": 1,
      "z_mm": 0.08,
      "filament_id": "base"
    },
    {
      "layer_index": 2,
      "z_mm": 0.16,
      "filament_id": "base"
    },
    {
      "layer_index": 3,
      "z_mm": 0.24,
      "filament_id": "base"
    },
    {
      "layer_index": 4,
      "z_mm": 0.32,
      "filament_id": "base"
    },
    {
      "layer_index": 5,
      "z_mm": 0.4,
      "filament_id": "black"
    },
    {
      "layer_index": 6,
      "z_mm": 0.48,
      "filament_id": "black"
    },
    {
      "layer_index": 7,
      "z_mm": 0.56,
      "filament_id": "black"
    },
    {
      "layer_index": 8,
      "z_mm": 0.64,
      "filament_id": "black"
    },
    {
      "layer_index": 9,
      "z_mm": 0.72,
      "filament_id": "black"
    }
  ]
}