{
  "preprocess": {
    "mode": "bilateral",
    "radius": 2,
    "sigma_space": 2.0,
    "sigma_color": 25.0
  },
  "canvas": {
    "target_width_mm": 10.0,
    "target_height_mm": 1.0
  },
  "segment": {
    "method": "slic",
    "n_segments": 100,
    "compactness": 10.0,
    "max_iter": 5
  },
  "merge": {
    "min_area": 20
  },
  "palette": {
    "colors": [
      [
        0,
        0,
        0
      ],
      [
        255,
        255,
        255
      ]
    ]
  },
  "height_map": {
    "mode": "by_index",
    "scale": 0.5
  },
  "mesh": {
    "stl_format": "ascii"
  },
  "print": {
    "border_mm": 0.0,
    "base_height_mm": 0.0,
    "base_layer_mm": 0.0,
    "color_layer_mm": 0.2,
    "blend_depth": 1.0,
    "filament_catalog": "filaments/default_catalog.json",
    "base_filament_id": "white",
    "sequence_mode": "auto_palette",
    "layer_sequence_ids": []
  }
}