{
  "layers": [
    {
      "layer_index": 0,
      "z_mm": 0.0,
      "filament_id": "prusament_pla_blend_my_silverness"
    },
    {
      "layer_index": 1,
      "z_mm": 0.08,
      "filament_id": "prusament_pla_blend_my_silverness"
    },
    {
      "layer_index": 2,
      "z_mm": 0.16,
      "filament_id": "prusament_pla_blend_my_silverness"
    },
    {
      "layer_index": 3,
      "z_mm": 0.24,
      "filament_id": "prusament_pla_blend_my_silverness"
    },
    {
      "layer_index": 4,
      "z_mm": 0.32,
      "filament_id": "prusament_pla_blend_my_silverness"
    },
    {
      "layer_index": 5,
      "z_mm": 0.4,
      "filament_id": "prusament_pla_blend_my_silverness"
    },
    {
      "layer_index": 6,
      "z_mm": 0.48,
      "filament_id": "prusament_pla_blend_my_silverness"
    },
    {
      "layer_index": 7,
      "z_mm": 0.56,
      "filament_id": "prusament_pla_jet_black"
    },
    {
      "layer_index": 8,
      "z_mm": 0.64,
      "filament_id": "prusament_pla_jet_black"
    },
    {
      "layer_index": 9,
      "z_mm": 0.72,
      "filament_id": "prusament_pla_jet_black"
    },
    {
      "layer_index": 10,
      "z_mm": 0.8,
      "filament_id": "prusament_pla_jet_black"
    },
    {
      "layer_index": 11,
      "z_mm": 0.88,
      "filament_id": "prusament_pla_jet_black"
    },
    {
      "layer_index": 12,
      "z_mm": 0.96,
      "filament_id": "prusament_pla_jet_black"
    },
    {
      "layer_index": 13,
      "z_mm": 1.04,
      "filament_id": "prusament_pla_azure_blue"
    },
    {
      "layer_index": 14,
      "z_mm": 1.12,
      "filament_id": "prusament_pla_azure_blue"
    },
    {
      "layer_index": 15,
      "z_mm": 1.2,
      "filament_id": "prusament_pla_azure_blue"
    },
    {
      "layer_index": 16,
      "z_mm": 1.28,
      "filament_id": "prusament_pla_azure_blue"
    },
    {
      "layer_index": 17,
      "z_mm": 1.36,
      "filament_id": "prusament_pla_azure_blue"
    },
    {
      "layer_index": 18,
      "z_mm": 1.44,
      "filament_id": "prusament_pla_azure_blue"
    },
    {
      "layer_index": 19,
      "z_mm": 1.52,
      "filament_id": "prusament_pla_blend_ms_pink"
    },
    {
      "layer_index": 20,
      "z_mm": 1.6,
      "filament_id": "prusament_pla_blend_ms_pink"
    },
    {
      "layer_index": 21,
      "z_mm": 1.68,
      "filament_id": "prusament_pla_blend_ms_pink"
    },
    {
      "layer_index": 22,
      "z_mm": 1.76,
      "filament_id": "prusament_pla_blend_ms_pink"
    },
    {
      "layer_index": 23,
      "z_mm": 1.84,
      "filament_id": "prusament_pla_blend_ms_pink"
    },
    {
      "layer_index": 24,
      "z_mm": 1.92,
      "filament_id": "prusament_pla_blend_ms_pink"
    },
    {
      "layer_index": 25,
      "z_mm": 2.0,
      "filament_id": "prusament_pla_blend_ms_pink"
    }
  ]
}